,Initiator,Responder,Start_time,End_time,Memory_size,Fidelity,Wait_time,Throughput
0,NU,Argonne_3,13918365000000.0,27918365000000.0,10,0.9551371380490388,13918365000000.0,5.928571428571428
1,NU,Argonne_2,37531520000001.0,55531520000001.0,10,0.8087884015922767,9613155000000.0,13.38888888888889
2,NU,Argonne_1,61334700000002.0,78334700000002.0,11,0.9660095459603492,5803180000000.0,23.764705882352942
3,NU,StarLight,80034700000003.0,94034700000003.0,10,0.9082287642752978,1700000000000.0,393.1428571428571
4,NU,Argonne_1,96637260000004.0,111637260000004.0,10,0.8722528118028315,2602560000000.0,21.0
5,NU,StarLight,113237260000005.0,126237260000005.0,11,0.8300399458140905,1600000000000.0,437.69230769230774
6,NU,UChicago_HC,173117060000006.0,185117060000006.0,10,0.9957495768822443,46879800000000.0,0.0
7,NU,UChicago_PME,193040700000007.0,204040700000007.0,11,0.8358812055134294,7923640000000.0,78.18181818181819
8,NU,Argonne_3,212753060000008.0,224753060000008.0,11,0.948553483643008,8712360000000.0,15.166666666666666
9,NU,Argonne_2,226353060000009.0,242353060000009.0,10,0.9259244365680407,1600000000000.0,12.375
10,NU,Argonne_1,245453060000010.0,255453060000010.0,10,0.8796551119358742,3100000000000.0,22.1
11,NU,UChicago_PME,272353060000011.0,284353060000011.0,10,0.8224811482985158,16900000000000.0,77.08333333333334
12,NU,UChicago_PME,297053060000012.0,312053060000012.0,10,0.8505537355904913,12700000000000.0,76.73333333333333
13,NU,StarLight,313253060000013.0,331253060000013.0,10,0.9708018142683691,1200000000000.0,403.6666666666667
14,NU,Argonne_3,332253060000014.0,342253060000014.0,11,0.8636006395724565,1000000000000.0,14.5
15,NU,UChicago_HC,343353060000015.0,354353060000015.0,10,0.9594916350732667,1100000000000.0,22.727272727272727
16,NU,Argonne_1,362958625000016.0,372958625000016.0,11,0.9594253825692259,8605565000000.0,22.400000000000002
17,NU,Argonne_3,411814090000017.0,422814090000017.0,10,0.8654336415865311,38855465000000.0,13.0
18,NU,UChicago_HC,429725355000018.0,445725355000018.0,11,0.9793173461518359,6911265000000.0,5.75
19,NU,Argonne_2,453143715000019.0,467143715000019.0,10,0.8790038430412874,7418360000000.0,14.642857142857144
20,NU,UChicago_HC,468943715000020.0,482943715000020.0,11,0.8775037278003464,1800000000000.0,51.5
21,NU,Argonne_3,503365135000021.0,520365135000021.0,10,0.8762921738796792,20421420000000.0,12.823529411764707
22,NU,Fermilab_1,532865135000022.0,549865135000022.0,10,0.9777398613416666,12500000000000.0,0.3529411764705882
23,NU,Argonne_2,551365135000023.0,568365135000023.0,11,0.9072416159082536,1500000000000.0,15.352941176470587
24,NU,Argonne_3,585204240000024.0,602204240000024.0,10,0.9746874898291369,16839105000000.0,1.4117647058823528
25,NU,Argonne_2,613330840000025.0,625330840000025.0,11,0.8603289005504429,11126600000000.0,14.416666666666668
26,NU,Argonne_2,626730840000026.0,643730840000026.0,11,0.9901125629814064,1400000000000.0,0.0
27,NU,Argonne_1,644930840000027.0,658930840000027.0,10,0.9384242257570033,1200000000000.0,22.5
28,NU,Fermilab_1,672530840000028.0,682530840000028.0,11,0.9339314109391479,13600000000000.0,8.799999999999999
29,NU,Fermilab_1,698430840000029.0,711430840000029.0,10,0.8148322195634814,15900000000000.0,7.615384615384616
30,NU,Fermilab_1,712430840000030.0,729430840000030.0,11,0.8676065141363928,1000000000000.0,8.411764705882353
31,NU,Fermilab_2,745358080000031.0,758358080000031.0,10,0.9689458201348977,15927240000000.0,0.5384615384615384
32,NU,Fermilab_2,765162055000032.0,777162055000032.0,10,0.8754277491409066,6803975000000.0,5.416666666666667
33,NU,Fermilab_2,778562055000033.0,788562055000033.0,10,0.8840485245452421,1400000000000.0,6.6000000000000005
34,NU,UChicago_HC,793173875000034.0,808173875000034.0,10,0.8947344026136768,4611820000000.0,47.86666666666667
35,NU,UChicago_PME,810874670000035.0,825874670000035.0,10,0.9541027963069361,2700795000000.0,75.26666666666667
36,NU,UChicago_PME,827574670000036.0,842574670000036.0,11,0.8890387146496533,1700000000000.0,83.73333333333333
37,NU,UChicago_PME,843574670000037.0,854574670000037.0,11,0.8492327319262345,1000000000000.0,83.0909090909091
38,NU,UChicago_HC,859378610000038.0,875378610000038.0,10,0.9274327040775789,4803940000000.0,46.9375
39,NU,UChicago_PME,877582550000039.0,889582550000039.0,10,0.861204026353496,2203940000000.0,75.08333333333333
40,NU,Fermilab_1,899782550000040.0,911782550000040.0,11,0.954367262263343,10200000000000.0,17.083333333333332
41,NU,Fermilab_1,913886030000041.0,925886030000041.0,11,0.8882664390086892,2103480000000.0,9.666666666666668
42,NU,Fermilab_1,926986030000042.0,944986030000042.0,10,0.8347442825026544,1100000000000.0,8.111111111111112
43,NU,Argonne_3,946186030000043.0,964186030000043.0,11,0.8051582585190924,1200000000000.0,15.055555555555554
44,NU,StarLight,965286030000044.0,979286030000044.0,10,0.8948696050307224,1100000000000.0,388.14285714285717
45,StarLight,Argonne_1,1300000000000.0,13300000000000.0,44,0.8637421676971033,1300000000000.0,146.5
46,StarLight,Argonne_1,15800000000001.0,29800000000001.0,23,0.8782169613078388,2500000000000.0,75.28571428571428
47,StarLight,UChicago_HC,35603145000002.0,49603145000002.0,11,0.8482704290169365,5803145000000.0,83.21428571428571
48,StarLight,UChicago_HC,53906290000003.0,71906290000003.0,19,0.9293716054120376,4303145000000.0,138.77777777777777
49,StarLight,Argonne_3,77113350000004.0,88113350000004.0,14,0.8789337162597206,5207060000000.0,29.454545454545453
50,StarLight,Argonne_3,89413350000005.0,107413350000005.0,13,0.8731679829335592,1300000000000.0,29.27777777777778
51,StarLight,Argonne_3,143478625000006.0,161478625000006.0,11,0.9734049738670826,36065275000000.0,10.666666666666668
52,StarLight,UChicago_PME,183516365000007.0,197516365000007.0,12,0.9896499610076755,22037740000000.0,153.28571428571428
53,StarLight,Fermilab_1,198916365000008.0,214916365000008.0,10,0.9357101585371455,1400000000000.0,11.375
54,StarLight,Argonne_3,278902790000009.0,290902790000009.0,12,0.9485791125296054,63986425000000.0,25.083333333333336
55,StarLight,Argonne_2,297913880000010.0,309913880000010.0,17,0.9788485725221419,7011090000000.0,17.583333333333336
56,StarLight,Fermilab_2,311113880000011.0,321113880000011.0,12,0.9922340817234686,1200000000000.0,0.2
57,StarLight,UChicago_HC,323617025000012.0,342617025000012.0,11,0.9191357405529366,2503145000000.0,80.84210526315789
58,StarLight,Fermilab_2,346720210000013.0,362720210000013.0,11,0.8617531851293995,4103185000000.0,8.125
59,StarLight,Argonne_2,378939095000014.0,388939095000014.0,11,0.9866705474611331,16218885000000.0,5.6000000000000005
60,StarLight,Fermilab_1,395139095000015.0,408139095000015.0,22,0.9403089424656343,6200000000000.0,29.538461538461537
61,StarLight,UChicago_HC,412248530000016.0,431248530000016.0,12,0.9491868539885514,4109435000000.0,90.57894736842105
62,StarLight,Argonne_2,440655325000017.0,450655325000017.0,10,0.9657727009596975,9406795000000.0,20.1
63,StarLight,UChicago_PME,460567905000018.0,477567905000018.0,10,0.9203543238750839,9912580000000.0,122.64705882352942
64,StarLight,Argonne_1,478967905000019.0,494967905000019.0,23,0.8433322382585364,1400000000000.0,79.6875
65,StarLight,Fermilab_1,497670590000020.0,513670590000020.0,18,0.832632973882111,2702685000000.0,24.125
66,StarLight,Argonne_2,535904360000021.0,545904360000021.0,15,0.8978530859539264,22233770000000.0,32.6
67,StarLight,Fermilab_2,558925840000022.0,571925840000022.0,13,0.9430029992861829,13021480000000.0,10.384615384615385
68,StarLight,Fermilab_1,573225840000023.0,588225840000023.0,13,0.9030168138831767,1300000000000.0,17.8
69,StarLight,Argonne_2,594234665000024.0,613234665000024.0,13,0.827691726932174,6008825000000.0,31.052631578947366
70,StarLight,Argonne_2,620638695000025.0,635638695000025.0,10,0.995345051805703,7404030000000.0,0.0
71,StarLight,UChicago_PME,636738695000026.0,654738695000026.0,15,0.8975035191429901,1100000000000.0,185.5
72,StarLight,UChicago_HC,674463855000027.0,687463855000027.0,12,0.910322047863076,19725160000000.0,85.61538461538461
73,StarLight,UChicago_PME,691363855000028.0,706363855000028.0,10,0.902292513281231,3900000000000.0,119.39999999999999
74,StarLight,Argonne_3,719070150000029.0,738070150000029.0,12,0.8576268344567188,12706295000000.0,25.421052631578945
75,StarLight,Argonne_3,759596095000030.0,778596095000030.0,10,0.921613011080481,21525945000000.0,23.47368421052632
76,StarLight,UChicago_PME,779696095000031.0,792696095000031.0,22,0.9234695615454572,1100000000000.0,273.53846153846155
77,StarLight,Argonne_3,799296095000032.0,816296095000032.0,15,0.8584528520792196,6600000000000.0,30.647058823529413
78,StarLight,Argonne_1,817296095000033.0,835296095000033.0,12,0.8836080911183088,1000000000000.0,41.611111111111114
79,StarLight,Argonne_2,844310450000034.0,855310450000034.0,11,0.8912604073032343,9014355000000.0,24.90909090909091
80,StarLight,NU,877515220000035.0,896515220000035.0,12,0.8754279505381013,22204770000000.0,391.9473684210526
81,StarLight,UChicago_PME,898115220000036.0,911115220000036.0,27,0.9665539993082309,1600000000000.0,335.38461538461536
82,StarLight,Fermilab_2,974984190000037.0,992984190000037.0,10,0.9310288987642587,63868970000000.0,8.666666666666668
83,UChicago_PME,Fermilab_1,5912580000000.0,15912580000000.0,10,0.9206296300103124,5912580000000.0,7.3
84,UChicago_PME,Argonne_2,18516650000001.0,28516650000001.0,13,0.8130308394740215,2604070000000.0,20.3
85,UChicago_PME,Argonne_2,63169560000002.0,75169560000002.0,17,0.8631206979956547,34652910000000.0,26.25
86,UChicago_PME,Argonne_3,126141750000003.0,142141750000003.0,12,0.8754439607306537,50972190000000.0,20.8125
87,UChicago_PME,StarLight,143841750000004.0,156841750000004.0,16,0.9802899069749907,1700000000000.0,161.3846153846154
88,UChicago_PME,Fermilab_1,164541750000005.0,177541750000005.0,20,0.884306358402229,7700000000000.0,22.076923076923077
89,UChicago_PME,Argonne_2,179141750000006.0,192141750000006.0,15,0.9409909854295213,1600000000000.0,26.153846153846153
90,UChicago_PME,Fermilab_1,195841750000007.0,208841750000007.0,18,0.9771613372201378,3700000000000.0,7.0
91,UChicago_PME,Argonne_1,210741750000008.0,227741750000008.0,30,0.9812292945000756,1900000000000.0,72.52941176470588
92,UChicago_PME,NU,256234615000009.0,272234615000009.0,13,0.8530600768877727,28492865000000.0,80.375
93,UChicago_PME,Argonne_1,274034615000010.0,290034615000010.0,11,0.9496420518040899,1800000000000.0,29.6875
94,UChicago_PME,UChicago_HC,304640615000011.0,322640615000011.0,12,0.8296456829855707,14606000000000.0,1390.2777777777778
95,UChicago_PME,StarLight,324240615000012.0,337240615000012.0,19,0.8256996078889375,1600000000000.0,186.3076923076923
96,UChicago_PME,Argonne_1,338840615000013.0,357840615000013.0,11,0.986063379659616,1600000000000.0,25.63157894736842
97,UChicago_PME,NU,366740615000014.0,379740615000014.0,12,0.8613601740446436,8900000000000.0,73.0
98,UChicago_PME,StarLight,380740615000015.0,394740615000015.0,25,0.8376602357181873,1000000000000.0,253.28571428571428
99,UChicago_PME,Argonne_3,395740615000016.0,410740615000016.0,24,0.8204149082652722,1000000000000.0,39.266666666666666
100,UChicago_PME,Fermilab_2,414143760000017.0,424143760000017.0,11,0.9915660786005298,3403145000000.0,0.0
101,UChicago_PME,Fermilab_1,425643760000018.0,439643760000018.0,14,0.907951351347371,1500000000000.0,11.857142857142856
102,UChicago_PME,Argonne_3,453575250000019.0,464575250000019.0,10,0.9736196639360533,13931490000000.0,4.363636363636363
103,UChicago_PME,Argonne_2,486433230000020.0,496433230000020.0,14,0.8176378617446194,21857980000000.0,21.0
104,UChicago_PME,Fermilab_2,509987080000021.0,524987080000021.0,13,0.8205295717322368,13553850000000.0,6.6000000000000005
105,UChicago_PME,Argonne_3,553695900000022.0,569695900000022.0,12,0.8661473544741969,28708820000000.0,27.75
106,UChicago_PME,Fermilab_1,572499045000023.0,586499045000023.0,19,0.8908399934027349,2803145000000.0,14.285714285714286
107,UChicago_PME,StarLight,588799045000024.0,607799045000024.0,24,0.9476115000206227,2300000000000.0,239.1578947368421
108,UChicago_PME,NU,624439930000025.0,638439930000025.0,10,0.8627135752716051,16640885000000.0,60.357142857142854
109,UChicago_PME,StarLight,668139930000026.0,687139930000026.0,11,0.8983709347696902,29700000000000.0,110.0
110,UChicago_PME,StarLight,688839930000027.0,698839930000027.0,15,0.8103262762648066,1700000000000.0,152.0
111,UChicago_PME,StarLight,701739930000028.0,717739930000028.0,12,0.8345476578554101,2900000000000.0,121.06249999999999
112,UChicago_PME,Fermilab_2,783620045000029.0,802620045000029.0,12,0.8220056451829275,65880115000000.0,6.473684210526316
113,UChicago_PME,Fermilab_2,805926335000030.0,817926335000030.0,11,0.9363383302477828,3306290000000.0,5.416666666666667
114,UChicago_PME,Argonne_2,820830905000031.0,830830905000031.0,11,0.8764293082559205,2904570000000.0,14.3
115,UChicago_PME,StarLight,833934050000032.0,844934050000032.0,14,0.8899944802581786,3103145000000.0,138.36363636363635
116,UChicago_PME,StarLight,846634050000033.0,858634050000033.0,26,0.8945461196490435,1700000000000.0,256.9166666666667
117,UChicago_PME,StarLight,860934050000034.0,878934050000034.0,23,0.8264222131705806,2300000000000.0,238.5
118,UChicago_PME,Fermilab_1,881534050000035.0,893534050000035.0,14,0.807697477607179,2600000000000.0,11.333333333333332
119,UChicago_PME,NU,916883645000036.0,930883645000036.0,13,0.9125149394449188,23349595000000.0,78.07142857142857
120,UChicago_PME,Argonne_1,931883645000037.0,947883645000037.0,11,0.8596307558938532,1000000000000.0,25.3125
121,UChicago_PME,Argonne_2,954403995000038.0,972403995000038.0,13,0.9643820730074855,6520350000000.0,19.38888888888889
122,UChicago_PME,NU,979827635000039.0,992827635000039.0,24,0.9192826649634305,7423640000000.0,143.3846153846154
123,UChicago_HC,Argonne_2,18879190000000.0,34879190000000.0,10,0.9656889770549062,18879190000000.0,4.625
124,UChicago_HC,UChicago_PME,41081690000001.0,51081690000001.0,10,0.8499551038792567,6202500000000.0,1416.3
125,UChicago_HC,Argonne_1,72190830000002.0,85190830000002.0,10,0.9552063894020953,21109140000000.0,16.46153846153846
126,UChicago_HC,Argonne_1,99990830000003.0,115990830000003.0,11,0.9349691243359227,14800000000000.0,17.0
127,UChicago_HC,StarLight,121791330000004.0,133791330000004.0,10,0.9063203378394162,5800500000000.0,60.83333333333333
128,UChicago_HC,Fermilab_1,160696830000005.0,176696830000005.0,11,0.8764323751995755,26905500000000.0,8.0
129,UChicago_HC,Fermilab_2,205101330000006.0,217101330000006.0,11,0.877899725774444,28404500000000.0,6.333333333333333
130,UChicago_HC,Argonne_1,218201330000007.0,232201330000007.0,10,0.8216462180078885,1100000000000.0,15.071428571428571
131,UChicago_HC,UChicago_PME,233301330000008.0,244301330000008.0,11,0.9889246000253324,1100000000000.0,1554.4545454545455
132,UChicago_HC,UChicago_PME,245701330000009.0,260701330000009.0,10,0.9072412281873141,1400000000000.0,1403.5333333333333
133,UChicago_HC,StarLight,262601330000010.0,275601330000010.0,11,0.8702239878667735,1900000000000.0,71.76923076923076
134,UChicago_HC,NU,279308620000011.0,296308620000011.0,11,0.9418523452814065,3707290000000.0,43.0
135,UChicago_HC,Fermilab_1,297708620000012.0,316708620000012.0,10,0.8753717205471634,1400000000000.0,8.68421052631579
136,UChicago_HC,Argonne_2,323633970000013.0,337633970000013.0,10,0.9141140581245812,6925350000000.0,8.285714285714286
137,UChicago_HC,Fermilab_1,339433970000014.0,354433970000014.0,10,0.9096076290610953,1800000000000.0,8.133333333333333
138,UChicago_HC,NU,373857430000015.0,384857430000015.0,11,0.8209712804786851,19423460000000.0,41.36363636363637
139,UChicago_HC,Fermilab_2,386557430000016.0,398557430000016.0,10,0.8452165587494709,1700000000000.0,5.833333333333333
140,UChicago_HC,Argonne_1,400257430000017.0,417257430000017.0,11,0.8725185878696109,1700000000000.0,16.823529411764707
141,UChicago_HC,StarLight,418757430000018.0,428757430000018.0,11,0.9286440682274507,1500000000000.0,72.19999999999999
142,UChicago_HC,Argonne_2,450723840000019.0,463723840000019.0,11,0.9296516942224285,21966410000000.0,11.307692307692308
143,UChicago_HC,Argonne_3,465323840000020.0,477323840000020.0,11,0.9131872151807955,1600000000000.0,11.75
144,UChicago_HC,NU,483139215000021.0,495139215000021.0,11,0.9011779325926114,5815375000000.0,44.25
145,UChicago_HC,Argonne_3,503974705000022.0,516974705000022.0,10,0.9021173312369068,8835490000000.0,9.692307692307692
146,UChicago_HC,NU,521288025000023.0,537288025000023.0,11,0.8725195196984998,4313320000000.0,42.0625
147,UChicago_HC,UChicago_PME,538988025000024.0,557988025000024.0,10,0.913733964429259,1700000000000.0,1395.1052631578946
148,UChicago_HC,Argonne_3,569924585000025.0,587924585000025.0,10,0.9227175262262288,11936560000000.0,9.666666666666668
149,UChicago_HC,StarLight,595527585000026.0,605527585000026.0,10,0.883859345375035,7603000000000.0,63.099999999999994
150,UChicago_HC,Argonne_1,607027585000027.0,622027585000027.0,11,0.8438157347594947,1500000000000.0,16.73333333333333
151,UChicago_HC,Argonne_1,623027585000028.0,636027585000028.0,11,0.9902138031330403,1000000000000.0,0.0
152,UChicago_HC,Argonne_3,639628585000029.0,649628585000029.0,11,0.9841464481240214,3601000000000.0,0.4
153,UChicago_HC,NU,655230585000030.0,674230585000030.0,10,0.8204844488955632,5602000000000.0,39.15789473684211
154,UChicago_HC,UChicago_PME,675330585000031.0,687330585000031.0,11,0.8809080121340529,1100000000000.0,1535.0833333333333
155,UChicago_HC,Argonne_3,701730585000032.0,714730585000032.0,11,0.9038217355560467,14400000000000.0,11.076923076923078
156,UChicago_HC,Fermilab_2,725745020000033.0,741745020000033.0,10,0.9498199567429023,11014435000000.0,2.4375
157,UChicago_HC,Argonne_2,745055160000034.0,755055160000034.0,11,0.8528992536389852,3310140000000.0,10.299999999999999
158,UChicago_HC,NU,767263245000035.0,783263245000035.0,11,0.976629156048016,12208085000000.0,4.25
159,UChicago_HC,Argonne_2,787478455000036.0,805478455000036.0,11,0.9637042525277273,4215210000000.0,5.055555555555555
160,UChicago_HC,NU,808382100000037.0,820382100000037.0,11,0.9660209752957997,2903645000000.0,20.833333333333332
161,UChicago_HC,Fermilab_2,823088430000038.0,836088430000038.0,11,0.9204038146507836,2706330000000.0,5.9230769230769225
162,UChicago_HC,Fermilab_2,858089680000039.0,877089680000039.0,10,0.9210761116857173,22001250000000.0,5.157894736842105
163,UChicago_HC,UChicago_PME,879890180000040.0,891890180000040.0,10,0.8262203591183661,2800500000000.0,1386.75
164,UChicago_HC,Argonne_3,893690180000041.0,909690180000041.0,11,0.968711229820398,1800000000000.0,0.5625
165,UChicago_HC,Argonne_2,920035810000042.0,931035810000042.0,11,0.9807142639174874,10345630000000.0,1.0
166,UChicago_HC,Argonne_3,932535810000043.0,945535810000043.0,11,0.9376098039547257,1500000000000.0,10.076923076923077
167,UChicago_HC,Argonne_1,949244950000044.0,963244950000044.0,11,0.9563474937019735,3709140000000.0,19.571428571428573
168,UChicago_HC,UChicago_PME,965144950000045.0,983144950000045.0,11,0.8945463097010428,1900000000000.0,1536.7777777777778
169,UChicago_HC,StarLight,985345450000046.0,995345450000046.0,11,0.8789528396904183,2200500000000.0,65.5
170,Fermilab_1,StarLight,9221480000000.0,27221480000000.0,13,0.9202996715246715,9221480000000.0,21.333333333333336
171,Fermilab_1,UChicago_PME,28921480000001.0,40921480000001.0,25,0.9024764626966321,1700000000000.0,27.75
172,Fermilab_1,Argonne_3,60264140000002.0,78264140000002.0,10,0.996182727859461,19342660000000.0,0.0
173,Fermilab_1,UChicago_PME,81272655000003.0,95272655000003.0,10,0.8919431959786369,3008515000000.0,11.214285714285714
174,Fermilab_1,StarLight,97072655000004.0,107072655000004.0,23,0.8617419486409125,1800000000000.0,35.1
175,Fermilab_1,Argonne_3,108372655000005.0,121372655000005.0,12,0.8345339202217151,1300000000000.0,17.076923076923077
176,Fermilab_1,UChicago_HC,134319295000006.0,146319295000006.0,15,0.893260639440633,12946640000000.0,10.666666666666668
177,Fermilab_1,UChicago_PME,149225125000007.0,164225125000007.0,17,0.988201198930287,2905830000000.0,1.0
178,Fermilab_1,Argonne_3,180733530000008.0,199733530000008.0,13,0.9493017834610822,16508405000000.0,21.421052631578945
179,Fermilab_1,StarLight,205236215000009.0,215236215000009.0,15,0.8121773405818377,5502685000000.0,21.7
180,Fermilab_1,Fermilab_2,216536215000010.0,228536215000010.0,10,0.8230475007387805,1300000000000.0,1403.3333333333333
181,Fermilab_1,NU,230336215000011.0,245336215000011.0,15,0.8649601294268394,1800000000000.0,16.066666666666666
182,Fermilab_1,Argonne_1,246736215000012.0,262736215000012.0,13,0.8261318013580466,1400000000000.0,32.25
183,Fermilab_1,UChicago_PME,265036215000013.0,280036215000013.0,12,0.9825277669406189,2300000000000.0,3.066666666666667
184,Fermilab_1,NU,285647750000014.0,299647750000014.0,13,0.9926785576939652,5611535000000.0,0.28571428571428575
185,Fermilab_1,Argonne_2,324292775000015.0,341292775000015.0,12,0.96037519305693,24645025000000.0,17.058823529411764
186,Fermilab_1,UChicago_PME,354812030000016.0,365812030000016.0,21,0.9499688865848352,13519255000000.0,22.0
187,Fermilab_1,Argonne_3,370620935000017.0,388620935000017.0,13,0.9238666036980403,4808905000000.0,18.611111111111114
188,Fermilab_1,Argonne_2,402841880000018.0,414841880000018.0,11,0.9056517509873813,14220945000000.0,15.416666666666664
189,Fermilab_1,Argonne_2,418841880000019.0,437841880000019.0,13,0.8811022466805637,4000000000000.0,20.526315789473685
190,Fermilab_1,StarLight,440544565000020.0,450544565000020.0,15,0.8142817493880395,2702685000000.0,23.8
191,Fermilab_1,StarLight,452344565000021.0,465344565000021.0,27,0.921982862879215,1800000000000.0,42.38461538461539
192,Fermilab_1,Argonne_1,467144565000022.0,477144565000022.0,25,0.8904059452296861,1800000000000.0,55.9
193,Fermilab_1,NU,479044565000023.0,497044565000023.0,11,0.8730210856619205,1900000000000.0,9.777777777777777
194,Fermilab_1,Argonne_3,519356605000024.0,534356605000024.0,13,0.8813228027567908,22312040000000.0,18.599999999999998
195,Fermilab_1,NU,544863565000025.0,554863565000025.0,11,0.8254360270899542,10506960000000.0,23.400000000000002
196,Fermilab_1,Argonne_2,573404090000026.0,590404090000026.0,10,0.8932958705713967,18540525000000.0,15.23529411764706
197,Fermilab_1,UChicago_HC,612776700000027.0,630776700000027.0,10,0.8774782533683548,22372610000000.0,7.555555555555556
198,Fermilab_1,UChicago_PME,649831320000028.0,666831320000028.0,14,0.804238676348094,19054620000000.0,13.941176470588236
199,Fermilab_1,Argonne_3,673146995000029.0,692146995000029.0,23,0.8266548944627043,6315675000000.0,32.26315789473684
200,Fermilab_1,UChicago_PME,707684585000030.0,725684585000030.0,17,0.9872186290007083,15537590000000.0,1.6666666666666665
201,Fermilab_1,UChicago_HC,730587270000031.0,748587270000031.0,12,0.9024853688321091,4902685000000.0,8.88888888888889
202,Fermilab_1,UChicago_HC,751787270000032.0,764787270000032.0,12,0.8507670412738229,3200000000000.0,9.23076923076923
203,Fermilab_1,Argonne_2,781120390000033.0,791120390000033.0,12,0.8328149166724541,16333120000000.0,18.1
204,Fermilab_1,NU,792220390000034.0,809220390000034.0,10,0.9866577917861745,1100000000000.0,2.1176470588235294
205,Fermilab_1,UChicago_PME,819623075000035.0,837623075000035.0,10,0.8909070909602623,10402685000000.0,10.444444444444445
206,Fermilab_1,NU,840830035000036.0,857830035000036.0,13,0.9731090408382099,3206960000000.0,6.9411764705882355
207,Fermilab_1,Argonne_3,862930035000037.0,876930035000037.0,10,0.8485200712554322,5100000000000.0,14.142857142857142
208,Fermilab_1,NU,896879955000038.0,913879955000038.0,13,0.9810206669060816,19949920000000.0,0.0
209,Fermilab_1,Fermilab_2,921580955000039.0,935580955000039.0,14,0.8203990558259948,7701000000000.0,1962.2857142857142
210,Fermilab_1,Fermilab_2,938380955000040.0,954380955000040.0,12,0.8576657532163613,2800000000000.0,1680.4375
211,Fermilab_1,Argonne_2,974417710000041.0,993417710000041.0,11,0.8318847253213778,20036755000000.0,17.0
212,Fermilab_2,Fermilab_1,1200000000000.0,20200000000000.0,11,0.8378640769079523,1200000000000.0,1273.5263157894738
213,Fermilab_2,StarLight,21300000000001.0,36300000000001.0,10,0.8461082493179812,1100000000000.0,10.399999999999999
214,Fermilab_2,Argonne_3,41502000000002.0,54502000000002.0,10,0.9792618747409361,5202000000000.0,0.923076923076923
215,Fermilab_2,UChicago_PME,55902000000003.0,73902000000003.0,10,0.9855033401744653,1400000000000.0,0.0
216,Fermilab_2,StarLight,75102000000004.0,90102000000004.0,10,0.9341020948109,1200000000000.0,10.266666666666667
217,Fermilab_2,Argonne_1,92002000000005.0,106002000000005.0,11,0.9760499999846948,1900000000000.0,6.928571428571429
218,Fermilab_2,UChicago_PME,107002000000006.0,125002000000006.0,11,0.9298480738108951,1000000000000.0,7.055555555555555
219,Fermilab_2,StarLight,126802000000007.0,144802000000007.0,10,0.8438779869016677,1800000000000.0,9.38888888888889
220,Fermilab_2,Argonne_3,161717405000008.0,180717405000008.0,11,0.9557680184044144,16915405000000.0,5.315789473684211
221,Fermilab_2,UChicago_HC,185236395000009.0,204236395000009.0,10,0.989853224231394,4518990000000.0,0.0
222,Fermilab_2,Argonne_3,224778880000010.0,239778880000010.0,10,0.8873072643912338,20542485000000.0,10.6
223,Fermilab_2,NU,242382860000011.0,259382860000011.0,10,0.9777578734557258,2603980000000.0,0.5294117647058824
224,Fermilab_2,Argonne_3,291340750000012.0,303340750000012.0,10,0.9070861595880683,31957890000000.0,9.25
225,Fermilab_2,Argonne_2,310362560000013.0,322362560000013.0,10,0.8870724442282027,7021810000000.0,10.333333333333334
226,Fermilab_2,Argonne_2,337810950000014.0,354810950000014.0,10,0.9366566217686378,15448390000000.0,9.705882352941178
227,Fermilab_2,UChicago_HC,359620505000015.0,371620505000015.0,11,0.8769810805215029,4809555000000.0,7.416666666666667
228,Fermilab_2,Fermilab_1,372720505000016.0,384720505000016.0,10,0.9903147374793462,1100000000000.0,1161.9166666666667
229,Fermilab_2,Argonne_2,393145950000017.0,405145950000017.0,11,0.9323147344082363,8425445000000.0,10.75
230,Fermilab_2,NU,406945950000018.0,421945950000018.0,11,0.8045102071864166,1800000000000.0,7.8
231,Fermilab_2,NU,423845950000019.0,436845950000019.0,11,0.9805645966545747,1900000000000.0,0.6153846153846154
232,Fermilab_2,NU,438645950000020.0,451645950000020.0,11,0.977192500166169,1800000000000.0,0.6923076923076924
233,Fermilab_2,UChicago_PME,453245950000021.0,466245950000021.0,10,0.9359808551503467,1600000000000.0,7.0
234,Fermilab_2,Argonne_1,467245950000022.0,486245950000022.0,10,0.8566705490728029,1000000000000.0,14.789473684210526
235,Fermilab_2,NU,496076200000023.0,514076200000023.0,11,0.976443455442886,9830250000000.0,0.611111111111111
236,Fermilab_2,Argonne_1,515076200000024.0,532076200000024.0,10,0.9832854356509774,1000000000000.0,3.2352941176470584
237,Fermilab_2,StarLight,533276200000025.0,545276200000025.0,10,0.8341692540289967,1200000000000.0,11.333333333333332
238,Fermilab_2,UChicago_HC,546776200000026.0,560776200000026.0,10,0.8108033049526022,1500000000000.0,5.928571428571428
239,Fermilab_2,Argonne_3,588565710000027.0,606565710000027.0,11,0.9936020819903878,27789510000000.0,0.0
240,Fermilab_2,StarLight,608365710000028.0,624365710000028.0,11,0.9819833645932956,1800000000000.0,2.5
241,Fermilab_2,UChicago_HC,630984780000029.0,649984780000029.0,11,0.8091806513427303,6619070000000.0,7.526315789473684
242,Fermilab_2,UChicago_PME,651684780000030.0,665684780000030.0,11,0.8804507694906858,1700000000000.0,8.285714285714286
243,Fermilab_2,Fermilab_1,666984780000031.0,676984780000031.0,11,0.9332439417349115,1300000000000.0,1262.7
244,Fermilab_2,UChicago_HC,687844250000032.0,706844250000032.0,11,0.9865417224392682,10859470000000.0,0.0
245,Fermilab_2,UChicago_PME,715772835000033.0,725772835000033.0,11,0.8254752837783522,8928585000000.0,7.3
246,Fermilab_2,Argonne_2,727272835000034.0,744272835000034.0,10,0.9852237770200507,1500000000000.0,0.0
247,Fermilab_2,UChicago_HC,755186495000035.0,772186495000035.0,10,0.9296301302565692,10913660000000.0,7.117647058823529
248,Fermilab_2,Argonne_1,773286495000036.0,783286495000036.0,11,0.8426584990421342,1100000000000.0,15.3
249,Fermilab_2,Fermilab_1,789086495000037.0,803086495000037.0,10,0.9889973153326044,5800000000000.0,1140.642857142857
250,Fermilab_2,StarLight,804186495000038.0,822186495000038.0,11,0.8538915323315549,1100000000000.0,11.38888888888889
251,Fermilab_2,Argonne_2,835886495000039.0,847886495000039.0,10,0.8242192999310384,13700000000000.0,10.666666666666668
252,Fermilab_2,UChicago_HC,876740320000040.0,888740320000040.0,10,0.838087437290788,28853825000000.0,6.5
253,Fermilab_2,Argonne_1,890040320000041.0,904040320000041.0,11,0.8670081556646337,1300000000000.0,15.928571428571429
254,Fermilab_2,Argonne_2,905540320000042.0,922540320000042.0,10,0.8708107637848442,1500000000000.0,10.705882352941178
255,Fermilab_2,NU,935440320000043.0,950440320000043.0,10,0.843408991357305,12900000000000.0,6.533333333333333
256,Fermilab_2,StarLight,952140320000044.0,965140320000044.0,11,0.9081939598539078,1700000000000.0,10.538461538461538
257,Fermilab_2,Fermilab_1,966240320000045.0,985240320000045.0,10,0.9568630789084076,1100000000000.0,1158.8947368421052
258,Argonne_1,Argonne_3,19903500000000.0,31903500000000.0,14,0.9622046797568684,19903500000000.0,2139.25
259,Argonne_1,Fermilab_2,37214040000001.0,47214040000001.0,13,0.9444654621439592,5310540000000.0,27.8
260,Argonne_1,StarLight,49114040000002.0,60114040000002.0,37,0.8911565920158531,1900000000000.0,150.36363636363637
261,Argonne_1,UChicago_HC,86846600000003.0,99846600000003.0,23,0.8249442666611823,26732560000000.0,46.53846153846153
262,Argonne_1,UChicago_HC,117558810000004.0,133558810000004.0,14,0.9013958319312694,17712210000000.0,26.875
263,Argonne_1,Fermilab_1,141669350000005.0,160669350000005.0,31,0.9920825427220428,8110540000000.0,42.0
264,Argonne_1,Argonne_3,241396850000006.0,258396850000006.0,14,0.867734882095896,80727500000000.0,2134.823529411765
265,Argonne_1,Fermilab_1,260096850000007.0,278096850000007.0,46,0.9392398983206998,1700000000000.0,139.27777777777777
266,Argonne_1,NU,307741420000008.0,318741420000008.0,15,0.878499419979109,29644570000000.0,39.45454545454545
267,Argonne_1,Argonne_3,341647420000009.0,355647420000009.0,13,0.9182155851630042,22906000000000.0,1990.5
268,Argonne_1,NU,385999495000010.0,397999495000010.0,11,0.9625149775967593,30352075000000.0,30.166666666666664
269,Argonne_1,Argonne_3,432508995000011.0,443508995000011.0,10,0.8810003057769753,34509500000000.0,1539.0
270,Argonne_1,Argonne_2,474614995000012.0,485614995000012.0,11,0.9730552594702925,31106000000000.0,248.36363636363637
271,Argonne_1,Argonne_3,491715495000013.0,502715495000013.0,11,0.8310342905244383,6100500000000.0,1674.2727272727273
272,Argonne_1,Argonne_2,504015495000014.0,520015495000014.0,15,0.8623346448162608,1300000000000.0,352.75
273,Argonne_1,Fermilab_1,526718130000015.0,542718130000015.0,22,0.9663743373447081,6702635000000.0,64.125
274,Argonne_1,Fermilab_2,546923400000016.0,557923400000016.0,13,0.9722663404779135,4205270000000.0,10.363636363636363
275,Argonne_1,StarLight,560223400000017.0,575223400000017.0,33,0.8258056347102993,2300000000000.0,138.26666666666665
276,Argonne_1,UChicago_PME,576523400000018.0,594523400000018.0,13,0.9454497124633183,1300000000000.0,40.388888888888886
277,Argonne_1,NU,608125165000019.0,618125165000019.0,12,0.8709930978592995,13601765000000.0,33.6
278,Argonne_1,UChicago_HC,663984395000020.0,674984395000020.0,10,0.9684084850682219,45859230000000.0,32.54545454545455
279,Argonne_1,NU,683397545000021.0,697397545000021.0,19,0.9167791653478561,8413150000000.0,49.78571428571429
280,Argonne_1,Argonne_3,740212545000022.0,751212545000022.0,10,0.8009109819373003,42815000000000.0,1517.181818181818
281,Argonne_1,Fermilab_2,848022710000023.0,858022710000023.0,12,0.83778385314766,96810165000000.0,26.099999999999998
282,Argonne_1,Fermilab_1,859422710000024.0,878422710000024.0,12,0.9519797075753745,1400000000000.0,35.84210526315789
283,Argonne_1,NU,889640360000025.0,899640360000025.0,12,0.8160167708206275,11217650000000.0,34.5
284,Argonne_1,UChicago_PME,910176990000026.0,927176990000026.0,12,0.9097472526045135,10536630000000.0,34.705882352941174
285,Argonne_1,Fermilab_1,930682260000027.0,943682260000027.0,18,0.8004466568516112,3505270000000.0,53.76923076923077
286,Argonne_1,Fermilab_1,946482260000028.0,956482260000028.0,21,0.9136850149352621,2800000000000.0,64.0
287,Argonne_2,StarLight,1800000000000.0,17800000000000.0,10,0.940547861116411,1800000000000.0,28.75
288,Argonne_2,UChicago_PME,28600000000001.0,47600000000001.0,11,0.9096726417626628,10800000000000.0,22.263157894736842
289,Argonne_2,UChicago_PME,50400500000002.0,62400500000002.0,10,0.9102801754595008,2800500000000.0,22.583333333333332
290,Argonne_2,UChicago_HC,75200500000003.0,86200500000003.0,10,0.8307592835771827,12800000000000.0,13.090909090909092
291,Argonne_2,Argonne_1,87300500000004.0,103300500000004.0,11,0.930884533893761,1100000000000.0,207.9375
292,Argonne_2,UChicago_PME,105000500000005.0,121000500000005.0,11,0.999193374596533,1700000000000.0,0.0
293,Argonne_2,Fermilab_2,122600500000006.0,140600500000006.0,10,0.8094135608392714,1600000000000.0,12.11111111111111
294,Argonne_2,UChicago_HC,146419780000007.0,160419780000007.0,11,0.9568901424237348,5819280000000.0,5.928571428571428
295,Argonne_2,Fermilab_1,162319780000008.0,181319780000008.0,10,0.8288631188690496,1900000000000.0,18.63157894736842
296,Argonne_2,Argonne_3,196026780000009.0,208026780000009.0,11,0.9605998714681694,14707000000000.0,132.66666666666669
297,Argonne_2,Argonne_3,209726780000010.0,228726780000010.0,10,0.8784845406758279,1700000000000.0,122.78947368421053
298,Argonne_2,StarLight,243026780000011.0,258026780000011.0,10,0.9574114727425125,14300000000000.0,27.066666666666666
299,Argonne_2,NU,259926780000012.0,278926780000012.0,10,0.8154400863571366,1900000000000.0,17.526315789473685
300,Argonne_2,UChicago_HC,280326780000013.0,296326780000013.0,10,0.8032574289294195,1400000000000.0,12.75
301,Argonne_2,Argonne_3,310827780000014.0,323827780000014.0,11,0.8891177075214711,14501000000000.0,128.3076923076923
302,Argonne_2,Argonne_1,341527780000015.0,357527780000015.0,10,0.8303155181854515,17700000000000.0,191.6875
303,Argonne_2,UChicago_HC,358627780000016.0,377627780000016.0,11,0.9469533946403796,1100000000000.0,14.789473684210526
304,Argonne_2,NU,389230840000017.0,401230840000017.0,10,0.9980215648173713,11603060000000.0,0.0
305,Argonne_2,Argonne_3,410836840000018.0,429836840000018.0,11,0.8627803868753321,9606000000000.0,133.5263157894737
306,Argonne_2,UChicago_PME,438336840000019.0,452336840000019.0,10,0.9433934334185994,8500000000000.0,18.714285714285715
307,Argonne_2,Argonne_1,464136840000020.0,481136840000020.0,11,0.8182105114762216,11800000000000.0,206.88235294117646
308,Argonne_2,Fermilab_1,482936840000021.0,494936840000021.0,11,0.9639179453444966,1800000000000.0,21.416666666666668
309,Argonne_2,Fermilab_2,496236840000022.0,507236840000022.0,10,0.9515574468790382,1300000000000.0,10.727272727272727
310,Argonne_2,NU,514246695000023.0,532246695000023.0,10,0.8371354726903694,7009855000000.0,17.555555555555554
311,Argonne_2,Fermilab_1,534849830000024.0,545849830000024.0,10,0.9545367429620398,2603135000000.0,17.090909090909093
312,Argonne_2,Argonne_3,546849830000025.0,558849830000025.0,11,0.824315850362832,1000000000000.0,130.33333333333331
313,Argonne_2,Argonne_3,570556330000026.0,584556330000026.0,10,0.9113230350934902,11706500000000.0,119.92857142857143
314,Argonne_2,UChicago_PME,586356330000027.0,601356330000027.0,11,0.8489449921511947,1800000000000.0,22.400000000000002
315,Argonne_2,StarLight,602556330000028.0,618556330000028.0,11,0.9729075009528765,1200000000000.0,4.5625
316,Argonne_2,UChicago_HC,650497960000029.0,662497960000029.0,10,0.9891974975451807,31941630000000.0,0.0
317,Argonne_2,UChicago_HC,688511140000030.0,701511140000030.0,10,0.8934279694223325,26013180000000.0,12.076923076923077
318,Argonne_2,UChicago_PME,707029420000031.0,722029420000031.0,10,0.9654878656381167,5518280000000.0,18.866666666666667
319,Argonne_2,Fermilab_1,723329420000032.0,734329420000032.0,11,0.8825697425933928,1300000000000.0,15.636363636363637
320,Argonne_2,Fermilab_1,736229420000033.0,746229420000033.0,11,0.8611330749386524,1900000000000.0,20.5
321,Argonne_2,NU,747629420000034.0,766629420000034.0,10,0.9651234258259607,1400000000000.0,8.210526315789474
322,Argonne_2,UChicago_PME,768429420000035.0,787429420000035.0,10,0.8638430172815068,1800000000000.0,19.63157894736842
323,Argonne_2,Argonne_1,791229420000036.0,808229420000036.0,11,0.9525222385603835,3800000000000.0,212.52941176470588
324,Argonne_2,Fermilab_1,809929420000037.0,825929420000037.0,11,0.8415399802522174,1700000000000.0,21.0
325,Argonne_2,Argonne_1,827029420000038.0,842029420000038.0,10,0.8861468169862698,1100000000000.0,189.93333333333334
326,Argonne_2,Fermilab_2,851745095000039.0,866745095000039.0,11,0.9256766363061478,9715675000000.0,11.733333333333333
327,Argonne_2,Argonne_3,868445095000040.0,883445095000040.0,11,0.8369467165863493,1700000000000.0,132.60000000000002
328,Argonne_2,StarLight,884645095000041.0,900645095000041.0,10,0.866642052167815,1200000000000.0,25.125
329,Argonne_2,Fermilab_2,901945095000042.0,918945095000042.0,10,0.988234186424486,1300000000000.0,0.0
330,Argonne_2,Fermilab_2,922545095000043.0,934545095000043.0,10,0.8786178437052707,3600000000000.0,11.5
331,Argonne_2,UChicago_HC,936245095000044.0,954245095000044.0,10,0.9370775405620776,1700000000000.0,11.5
332,Argonne_2,Fermilab_2,960845095000045.0,973845095000045.0,10,0.9671372939089582,6600000000000.0,5.615384615384616
333,Argonne_2,StarLight,975445095000046.0,994445095000046.0,11,0.8851423461152266,1600000000000.0,29.368421052631582
334,Argonne_3,Argonne_2,1600000000000.0,18600000000000.0,11,0.8688813515585714,1600000000000.0,159.41176470588235
335,Argonne_3,StarLight,30500000000001.0,49500000000001.0,10,0.8292490853447195,11900000000000.0,24.63157894736842
336,Argonne_3,StarLight,54702000000002.0,64702000000002.0,11,0.9934575529577463,5202000000000.0,0.5
337,Argonne_3,NU,65902000000003.0,76902000000003.0,11,0.8150690869329106,1200000000000.0,19.454545454545453
338,Argonne_3,UChicago_PME,79002000000004.0,91002000000004.0,10,0.8344110932492147,2100000000000.0,20.666666666666668
339,Argonne_3,StarLight,92602000000005.0,102602000000005.0,11,0.8936499363774129,1600000000000.0,30.8
340,Argonne_3,UChicago_PME,103602000000006.0,117602000000006.0,11,0.8177748733375231,1000000000000.0,19.357142857142858
341,Argonne_3,Argonne_2,119302000000007.0,135302000000007.0,11,0.805193551889119,1700000000000.0,162.25
342,Argonne_3,UChicago_PME,137102000000008.0,154102000000008.0,11,0.995240474913728,1800000000000.0,0.0
343,Argonne_3,UChicago_HC,156906570000009.0,172906570000009.0,10,0.9131986630401755,2804570000000.0,11.875
344,Argonne_3,UChicago_HC,177620280000010.0,195620280000010.0,10,0.9742636684084136,4713710000000.0,1.1666666666666667
345,Argonne_3,Argonne_2,200220280000011.0,212220280000011.0,10,0.8516461477936135,4600000000000.0,153.66666666666669
346,Argonne_3,Argonne_2,228820280000012.0,244820280000012.0,10,0.880655474299103,16600000000000.0,144.6875
347,Argonne_3,Argonne_1,247020280000013.0,262020280000013.0,10,0.9115810792825214,2200000000000.0,1263.8666666666666
348,Argonne_3,Argonne_2,263220280000014.0,273220280000014.0,11,0.9461664898167058,1200000000000.0,163.9
349,Argonne_3,StarLight,274420280000015.0,290420280000015.0,10,0.9162680361390276,1200000000000.0,28.9375
350,Argonne_3,Fermilab_1,291820280000016.0,302820280000016.0,11,0.9488215883141629,1400000000000.0,17.90909090909091
351,Argonne_3,Argonne_1,303820280000017.0,319820280000017.0,10,0.9733009225464165,1000000000000.0,1250.8125
352,Argonne_3,Fermilab_1,321420280000018.0,340420280000018.0,11,0.9488475272189513,1600000000000.0,21.05263157894737
353,Argonne_3,NU,343220280000019.0,359220280000019.0,10,0.8571531647617382,2800000000000.0,16.625
354,Argonne_3,Fermilab_1,364029685000020.0,376029685000020.0,11,0.9133224119132227,4809405000000.0,18.666666666666668
355,Argonne_3,Argonne_2,377529685000021.0,392529685000021.0,10,0.9987436088911866,1500000000000.0,0.0
356,Argonne_3,Argonne_2,430440685000022.0,440440685000022.0,10,0.8988805497223905,37911000000000.0,150.29999999999998
357,Argonne_3,UChicago_HC,441640685000023.0,459640685000023.0,11,0.9060753332265695,1200000000000.0,13.277777777777779
358,Argonne_3,UChicago_PME,461040685000024.0,474040685000024.0,11,0.9575274079324102,1400000000000.0,20.461538461538463
359,Argonne_3,StarLight,475740685000025.0,489740685000025.0,11,0.8740861038423945,1700000000000.0,29.214285714285715
360,Argonne_3,Argonne_1,491340685000026.0,503340685000026.0,11,0.8434899738402384,1600000000000.0,1374.5
361,Argonne_3,Argonne_2,521242685000027.0,533242685000027.0,10,0.9947549665105818,17902000000000.0,1.5
362,Argonne_3,UChicago_PME,534342685000028.0,552342685000028.0,11,0.9775349616190885,1100000000000.0,0.0
363,Argonne_3,UChicago_HC,559142685000029.0,570142685000029.0,10,0.8123676294300504,6800000000000.0,11.454545454545455
364,Argonne_3,UChicago_PME,602342685000030.0,612342685000030.0,11,0.9184586329963106,32200000000000.0,19.4
365,Argonne_3,StarLight,618954010000031.0,630954010000031.0,11,0.9244643257957224,6611325000000.0,29.583333333333336
366,Argonne_3,Argonne_2,635757010000032.0,653757010000032.0,11,0.9182675717694133,4803000000000.0,161.27777777777777
367,Argonne_3,NU,659968335000033.0,671968335000033.0,10,0.917301401242333,6211325000000.0,14.833333333333334
368,Argonne_3,StarLight,697679660000034.0,713679660000034.0,11,0.8214253099740435,25711325000000.0,29.875
369,Argonne_3,UChicago_PME,715379660000035.0,727379660000035.0,11,0.9652653328061755,1700000000000.0,21.083333333333336
370,Argonne_3,NU,728779660000036.0,739779660000036.0,11,0.823911403262006,1400000000000.0,18.545454545454547
371,Argonne_3,Fermilab_2,741782795000037.0,751782795000037.0,10,0.8511007934847409,2003135000000.0,10.399999999999999
372,Argonne_3,Fermilab_1,752782795000038.0,764782795000038.0,11,0.9161444099701359,1000000000000.0,19.5
373,Argonne_3,Argonne_2,765982795000039.0,778982795000039.0,11,0.9744343843784821,1200000000000.0,74.92307692307692
374,Argonne_3,Argonne_1,780482795000040.0,798482795000040.0,11,0.9228397724255583,1500000000000.0,1381.888888888889
375,Argonne_3,Fermilab_2,819089065000041.0,835089065000041.0,11,0.9568298723056069,20606270000000.0,5.5
376,Argonne_3,Fermilab_2,836689065000042.0,851689065000042.0,11,0.8421222248638369,1600000000000.0,12.0
377,Argonne_3,NU,855393595000043.0,868393595000043.0,10,0.9824904554461882,3704530000000.0,0.8461538461538461
378,Argonne_3,UChicago_PME,878298165000044.0,896298165000044.0,11,0.8270481079638312,9904570000000.0,22.277777777777775
379,Argonne_3,Argonne_1,897598165000045.0,911598165000045.0,11,0.9439492471878422,1300000000000.0,1384.857142857143
380,Argonne_3,Fermilab_1,912698165000046.0,929698165000046.0,10,0.9217253079699579,1100000000000.0,17.823529411764707
381,Argonne_3,StarLight,930798165000047.0,941798165000047.0,10,0.9816006626342525,1100000000000.0,5.818181818181818
382,Argonne_3,Argonne_2,942998165000048.0,959998165000048.0,10,0.9616596854399262,1200000000000.0,147.88235294117646
383,Argonne_3,NU,961398165000049.0,972398165000049.0,10,0.8834157139388573,1400000000000.0,17.545454545454543
384,Argonne_3,UChicago_HC,974298165000050.0,984298165000050.0,11,0.9646924711095921,1900000000000.0,5.5
385,Argonne_3,Fermilab_1,985998165000051.0,996998165000051.0,11,0.9754938825391143,1700000000000.0,10.0
